<?xml version="1.0"?>
<link_info>
   <banner>TMS320C2000 Linker PC v6.2.5</banner>
   <copyright>Copyright (c) 1996-2014 Texas Instruments Incorporated</copyright>
   <link_time>0x53445a82</link_time>
   <link_errors>0x0</link_errors>
   <output_file>LogDemo.out</output_file>
   <entry_point>
      <name>_c_int00</name>
      <address>0x3f6000</address>
   </entry_point>
   <input_file_list>
      <input_file id="fl-2">
         <path>.\</path>
         <kind>object</kind>
         <file>main.obj</file>
         <name>main.obj</name>
      </input_file>
      <input_file id="fl-11">
         <path>C:\ccs_installs\ccs6.0.178\ccsv6\tools\compiler\c2000_6.2.5\lib\</path>
         <kind>archive</kind>
         <file>rts2800_fpu32.lib</file>
         <name>boot.obj</name>
      </input_file>
      <input_file id="fl-12">
         <path>C:\ccs_installs\ccs6.0.178\ccsv6\tools\compiler\c2000_6.2.5\lib\</path>
         <kind>archive</kind>
         <file>rts2800_fpu32.lib</file>
         <name>exit.obj</name>
      </input_file>
      <input_file id="fl-13">
         <path>C:\ccs_installs\ccs6.0.178\ccsv6\tools\compiler\c2000_6.2.5\lib\</path>
         <kind>archive</kind>
         <file>rts2800_fpu32.lib</file>
         <name>i_div.obj</name>
      </input_file>
      <input_file id="fl-14">
         <path>C:\ccs_installs\ccs6.0.178\ccsv6\tools\compiler\c2000_6.2.5\lib\</path>
         <kind>archive</kind>
         <file>rts2800_fpu32.lib</file>
         <name>_lock.obj</name>
      </input_file>
      <input_file id="fl-15">
         <path>C:\ccs_installs\ccs6.0.178\ccsv6\tools\compiler\c2000_6.2.5\lib\</path>
         <kind>archive</kind>
         <file>rts2800_fpu32.lib</file>
         <name>args_main.obj</name>
      </input_file>
   </input_file_list>
   <object_component_list>
      <object_component id="oc-2a">
         <name>.cinit</name>
         <load_address>0x3f60d9</load_address>
         <run_address>0x3f60d9</run_address>
         <size>0xa</size>
         <input_file_ref idref="fl-14"/>
      </object_component>
      <object_component id="oc-20">
         <name>.cinit</name>
         <load_address>0x3f60e3</load_address>
         <run_address>0x3f60e3</run_address>
         <size>0xa</size>
         <input_file_ref idref="fl-12"/>
      </object_component>
      <object_component id="oc-15">
         <name>.cinit</name>
         <load_address>0x3f60ed</load_address>
         <run_address>0x3f60ed</run_address>
         <size>0x4</size>
         <input_file_ref idref="fl-2"/>
      </object_component>
      <object_component id="oc-13">
         <name>.text</name>
         <load_address>0x3f6000</load_address>
         <run_address>0x3f6000</run_address>
         <size>0x46</size>
         <input_file_ref idref="fl-11"/>
      </object_component>
      <object_component id="oc-36">
         <name>.text</name>
         <load_address>0x3f6046</load_address>
         <run_address>0x3f6046</run_address>
         <size>0x36</size>
         <input_file_ref idref="fl-2"/>
      </object_component>
      <object_component id="oc-25">
         <name>.text</name>
         <load_address>0x3f607c</load_address>
         <run_address>0x3f607c</run_address>
         <size>0x22</size>
         <input_file_ref idref="fl-13"/>
      </object_component>
      <object_component id="oc-33">
         <name>.text</name>
         <load_address>0x3f609e</load_address>
         <run_address>0x3f609e</run_address>
         <size>0x19</size>
         <input_file_ref idref="fl-15"/>
      </object_component>
      <object_component id="oc-34">
         <name>.text</name>
         <load_address>0x3f60b7</load_address>
         <run_address>0x3f60b7</run_address>
         <size>0x19</size>
         <input_file_ref idref="fl-12"/>
      </object_component>
      <object_component id="oc-35">
         <name>.text</name>
         <load_address>0x3f60d0</load_address>
         <run_address>0x3f60d0</run_address>
         <size>0x9</size>
         <input_file_ref idref="fl-14"/>
      </object_component>
      <object_component id="oc-1a">
         <name>.stack</name>
         <uninitialized>true</uninitialized>
         <run_address>0x50</run_address>
         <size>0x0</size>
         <input_file_ref idref="fl-11"/>
      </object_component>
      <object_component id="oc-51">
         <name>.stack</name>
         <uninitialized>true</uninitialized>
         <run_address>0x50</run_address>
         <size>0x0</size>
      </object_component>
      <object_component id="oc-16">
         <name>.ebss</name>
         <uninitialized>true</uninitialized>
         <run_address>0x8800</run_address>
         <size>0xa4</size>
         <input_file_ref idref="fl-2"/>
      </object_component>
      <object_component id="oc-21">
         <name>.ebss</name>
         <uninitialized>true</uninitialized>
         <run_address>0x88a8</run_address>
         <size>0x4</size>
         <input_file_ref idref="fl-12"/>
      </object_component>
      <object_component id="oc-2b">
         <name>.ebss</name>
         <uninitialized>true</uninitialized>
         <run_address>0x88a4</run_address>
         <size>0x4</size>
         <input_file_ref idref="fl-14"/>
      </object_component>
      <object_component id="oc-1b">
         <name>.reset</name>
         <load_address>0x3fffc0</load_address>
         <run_address>0x3fffc0</run_address>
         <size>0x2</size>
         <input_file_ref idref="fl-11"/>
      </object_component>
      <object_component id="oc-14">
         <name>.debug_info</name>
         <load_address>0x0</load_address>
         <run_address>0x0</run_address>
         <size>0x491</size>
         <input_file_ref idref="fl-2"/>
      </object_component>
      <object_component id="oc-1c">
         <name>.debug_info</name>
         <load_address>0x491</load_address>
         <run_address>0x491</run_address>
         <size>0xde</size>
         <input_file_ref idref="fl-11"/>
      </object_component>
      <object_component id="oc-1f">
         <name>.debug_info</name>
         <load_address>0x56f</load_address>
         <run_address>0x56f</run_address>
         <size>0x488</size>
         <input_file_ref idref="fl-12"/>
      </object_component>
      <object_component id="oc-26">
         <name>.debug_info</name>
         <load_address>0x9f7</load_address>
         <run_address>0x9f7</run_address>
         <size>0xeb</size>
         <input_file_ref idref="fl-13"/>
      </object_component>
      <object_component id="oc-29">
         <name>.debug_info</name>
         <load_address>0xae2</load_address>
         <run_address>0xae2</run_address>
         <size>0x4ae</size>
         <input_file_ref idref="fl-14"/>
      </object_component>
      <object_component id="oc-2f">
         <name>.debug_info</name>
         <load_address>0xf90</load_address>
         <run_address>0xf90</run_address>
         <size>0x46f</size>
         <input_file_ref idref="fl-15"/>
      </object_component>
      <object_component id="oc-52">
         <name>.debug_info</name>
         <load_address>0x13ff</load_address>
         <run_address>0x13ff</run_address>
         <size>0x6f</size>
      </object_component>
      <object_component id="oc-17">
         <name>.debug_frame</name>
         <load_address>0x0</load_address>
         <run_address>0x0</run_address>
         <size>0xe2</size>
         <input_file_ref idref="fl-2"/>
      </object_component>
      <object_component id="oc-22">
         <name>.debug_frame</name>
         <load_address>0xe2</load_address>
         <run_address>0xe2</run_address>
         <size>0xc7</size>
         <input_file_ref idref="fl-12"/>
      </object_component>
      <object_component id="oc-2c">
         <name>.debug_frame</name>
         <load_address>0x1a9</load_address>
         <run_address>0x1a9</run_address>
         <size>0xd6</size>
         <input_file_ref idref="fl-14"/>
      </object_component>
      <object_component id="oc-30">
         <name>.debug_frame</name>
         <load_address>0x27f</load_address>
         <run_address>0x27f</run_address>
         <size>0xa6</size>
         <input_file_ref idref="fl-15"/>
      </object_component>
      <object_component id="oc-18">
         <name>.debug_line</name>
         <load_address>0x0</load_address>
         <run_address>0x0</run_address>
         <size>0x92</size>
         <input_file_ref idref="fl-2"/>
      </object_component>
      <object_component id="oc-1d">
         <name>.debug_line</name>
         <load_address>0x92</load_address>
         <run_address>0x92</run_address>
         <size>0x71</size>
         <input_file_ref idref="fl-11"/>
      </object_component>
      <object_component id="oc-23">
         <name>.debug_line</name>
         <load_address>0x103</load_address>
         <run_address>0x103</run_address>
         <size>0x62</size>
         <input_file_ref idref="fl-12"/>
      </object_component>
      <object_component id="oc-27">
         <name>.debug_line</name>
         <load_address>0x165</load_address>
         <run_address>0x165</run_address>
         <size>0x66</size>
         <input_file_ref idref="fl-13"/>
      </object_component>
      <object_component id="oc-2d">
         <name>.debug_line</name>
         <load_address>0x1cb</load_address>
         <run_address>0x1cb</run_address>
         <size>0x5b</size>
         <input_file_ref idref="fl-14"/>
      </object_component>
      <object_component id="oc-31">
         <name>.debug_line</name>
         <load_address>0x226</load_address>
         <run_address>0x226</run_address>
         <size>0x50</size>
         <input_file_ref idref="fl-15"/>
      </object_component>
      <object_component id="oc-19">
         <name>.debug_abbrev</name>
         <load_address>0x0</load_address>
         <run_address>0x0</run_address>
         <size>0x98</size>
         <input_file_ref idref="fl-2"/>
      </object_component>
      <object_component id="oc-1e">
         <name>.debug_abbrev</name>
         <load_address>0x98</load_address>
         <run_address>0x98</run_address>
         <size>0x43</size>
         <input_file_ref idref="fl-11"/>
      </object_component>
      <object_component id="oc-24">
         <name>.debug_abbrev</name>
         <load_address>0xdb</load_address>
         <run_address>0xdb</run_address>
         <size>0x10c</size>
         <input_file_ref idref="fl-12"/>
      </object_component>
      <object_component id="oc-28">
         <name>.debug_abbrev</name>
         <load_address>0x1e7</load_address>
         <run_address>0x1e7</run_address>
         <size>0x35</size>
         <input_file_ref idref="fl-13"/>
      </object_component>
      <object_component id="oc-2e">
         <name>.debug_abbrev</name>
         <load_address>0x21c</load_address>
         <run_address>0x21c</run_address>
         <size>0xa9</size>
         <input_file_ref idref="fl-14"/>
      </object_component>
      <object_component id="oc-32">
         <name>.debug_abbrev</name>
         <load_address>0x2c5</load_address>
         <run_address>0x2c5</run_address>
         <size>0xed</size>
         <input_file_ref idref="fl-15"/>
      </object_component>
      <object_component id="oc-53">
         <name>.debug_abbrev</name>
         <load_address>0x3b2</load_address>
         <run_address>0x3b2</run_address>
         <size>0xd</size>
      </object_component>
   </object_component_list>
   <logical_group_list>
      <logical_group id="lg-2" display="no" color="cyan">
         <name>.cinit</name>
         <load_address>0x3f60d9</load_address>
         <run_address>0x3f60d9</run_address>
         <size>0x1a</size>
         <contents>
            <object_component_ref idref="oc-2a"/>
            <object_component_ref idref="oc-20"/>
            <object_component_ref idref="oc-15"/>
         </contents>
      </logical_group>
      <logical_group id="lg-3" display="no" color="cyan">
         <name>.pinit</name>
         <run_address>0x0</run_address>
         <size>0x0</size>
         <contents>
         </contents>
      </logical_group>
      <logical_group id="lg-4" display="no" color="cyan">
         <name>.text</name>
         <load_address>0x3f6000</load_address>
         <run_address>0x3f6000</run_address>
         <size>0xd9</size>
         <contents>
            <object_component_ref idref="oc-13"/>
            <object_component_ref idref="oc-36"/>
            <object_component_ref idref="oc-25"/>
            <object_component_ref idref="oc-33"/>
            <object_component_ref idref="oc-34"/>
            <object_component_ref idref="oc-35"/>
         </contents>
      </logical_group>
      <logical_group id="lg-5" display="no" color="cyan">
         <name>codestart</name>
         <run_address>0x0</run_address>
         <size>0x0</size>
         <contents>
         </contents>
      </logical_group>
      <logical_group id="lg-6" display="no" color="cyan">
         <name>ramfuncs</name>
         <run_address>0x8000</run_address>
         <size>0x0</size>
         <contents>
         </contents>
      </logical_group>
      <logical_group id="lg-7" display="no" color="cyan">
         <name>csmpasswds</name>
         <run_address>0x0</run_address>
         <size>0x0</size>
         <contents>
         </contents>
      </logical_group>
      <logical_group id="lg-8" display="no" color="cyan">
         <name>csm_rsvd</name>
         <run_address>0x0</run_address>
         <size>0x0</size>
         <contents>
         </contents>
      </logical_group>
      <logical_group id="lg-9" display="no" color="cyan">
         <name>.stack</name>
         <run_address>0x50</run_address>
         <size>0x300</size>
         <contents>
            <object_component_ref idref="oc-1a"/>
            <object_component_ref idref="oc-51"/>
         </contents>
      </logical_group>
      <logical_group id="lg-a" display="no" color="cyan">
         <name>.ebss</name>
         <run_address>0x8800</run_address>
         <size>0xac</size>
         <contents>
            <object_component_ref idref="oc-16"/>
            <object_component_ref idref="oc-21"/>
            <object_component_ref idref="oc-2b"/>
         </contents>
      </logical_group>
      <logical_group id="lg-b" display="no" color="cyan">
         <name>.esysmem</name>
         <run_address>0x0</run_address>
         <size>0x0</size>
         <contents>
         </contents>
      </logical_group>
      <logical_group id="lg-c" display="no" color="cyan">
         <name>.econst</name>
         <run_address>0x0</run_address>
         <size>0x0</size>
         <contents>
         </contents>
      </logical_group>
      <logical_group id="lg-d" display="no" color="cyan">
         <name>.switch</name>
         <run_address>0x0</run_address>
         <size>0x0</size>
         <contents>
         </contents>
      </logical_group>
      <logical_group id="lg-e" display="no" color="cyan">
         <name>IQmath</name>
         <run_address>0x0</run_address>
         <size>0x0</size>
         <contents>
         </contents>
      </logical_group>
      <logical_group id="lg-f" display="no" color="cyan">
         <name>IQmathTables</name>
         <run_address>0x0</run_address>
         <size>0x0</size>
         <contents>
         </contents>
      </logical_group>
      <logical_group id="lg-10" display="no" color="cyan">
         <name>.reset</name>
         <load_address>0x3fffc0</load_address>
         <run_address>0x3fffc0</run_address>
         <size>0x2</size>
         <contents>
            <object_component_ref idref="oc-1b"/>
         </contents>
      </logical_group>
      <logical_group id="lg-11" display="no" color="cyan">
         <name>vectors</name>
         <run_address>0x3fffc2</run_address>
         <size>0x0</size>
         <contents>
         </contents>
      </logical_group>
      <logical_group id="lg-12" display="no" color="cyan">
         <name>Net_terminals</name>
         <run_address>0x0</run_address>
         <size>0x0</size>
         <contents>
         </contents>
      </logical_group>
      <logical_group id="lg-48" display="never" color="cyan">
         <name>.debug_info</name>
         <load_address>0x0</load_address>
         <run_address>0x0</run_address>
         <size>0x146e</size>
         <contents>
            <object_component_ref idref="oc-14"/>
            <object_component_ref idref="oc-1c"/>
            <object_component_ref idref="oc-1f"/>
            <object_component_ref idref="oc-26"/>
            <object_component_ref idref="oc-29"/>
            <object_component_ref idref="oc-2f"/>
            <object_component_ref idref="oc-52"/>
         </contents>
      </logical_group>
      <logical_group id="lg-4a" display="never" color="cyan">
         <name>.debug_frame</name>
         <load_address>0x0</load_address>
         <run_address>0x0</run_address>
         <size>0x325</size>
         <contents>
            <object_component_ref idref="oc-17"/>
            <object_component_ref idref="oc-22"/>
            <object_component_ref idref="oc-2c"/>
            <object_component_ref idref="oc-30"/>
         </contents>
      </logical_group>
      <logical_group id="lg-4c" display="never" color="cyan">
         <name>.debug_line</name>
         <load_address>0x0</load_address>
         <run_address>0x0</run_address>
         <size>0x276</size>
         <contents>
            <object_component_ref idref="oc-18"/>
            <object_component_ref idref="oc-1d"/>
            <object_component_ref idref="oc-23"/>
            <object_component_ref idref="oc-27"/>
            <object_component_ref idref="oc-2d"/>
            <object_component_ref idref="oc-31"/>
         </contents>
      </logical_group>
      <logical_group id="lg-4e" display="never" color="cyan">
         <name>.debug_abbrev</name>
         <load_address>0x0</load_address>
         <run_address>0x0</run_address>
         <size>0x3bf</size>
         <contents>
            <object_component_ref idref="oc-19"/>
            <object_component_ref idref="oc-1e"/>
            <object_component_ref idref="oc-24"/>
            <object_component_ref idref="oc-28"/>
            <object_component_ref idref="oc-2e"/>
            <object_component_ref idref="oc-32"/>
            <object_component_ref idref="oc-53"/>
         </contents>
      </logical_group>
   </logical_group_list>
   <placement_map>
      <memory_area display="no" color="green">
         <name>BOOT_RSVD</name>
         <page_id>0x0</page_id>
         <origin>0x0</origin>
         <length>0x50</length>
         <used_space>0x0</used_space>
         <unused_space>0x50</unused_space>
         <attributes>RWIX</attributes>
         <usage_details>
         </usage_details>
      </memory_area>
      <memory_area display="yes" color="green">
         <name>progRAM</name>
         <page_id>0x0</page_id>
         <origin>0x8000</origin>
         <length>0x800</length>
         <used_space>0x0</used_space>
         <unused_space>0x800</unused_space>
         <attributes>RWIX</attributes>
         <usage_details>
            <allocated_space>
               <start_address>0x8000</start_address>
               <size>0x0</size>
               <logical_group_ref idref="lg-6"/>
            </allocated_space>
            <available_space>
               <start_address>0x8000</start_address>
               <size>0x800</size>
            </available_space>
         </usage_details>
      </memory_area>
      <memory_area display="yes" color="green">
         <name>OTP</name>
         <page_id>0x0</page_id>
         <origin>0x3d7800</origin>
         <length>0x400</length>
         <used_space>0x0</used_space>
         <unused_space>0x400</unused_space>
         <attributes>RWIX</attributes>
         <usage_details>
         </usage_details>
      </memory_area>
      <memory_area display="yes" color="green">
         <name>FLASHD</name>
         <page_id>0x0</page_id>
         <origin>0x3f0000</origin>
         <length>0x2000</length>
         <used_space>0x0</used_space>
         <unused_space>0x2000</unused_space>
         <attributes>RWIX</attributes>
         <usage_details>
         </usage_details>
      </memory_area>
      <memory_area display="yes" color="green">
         <name>FLASHC</name>
         <page_id>0x0</page_id>
         <origin>0x3f2000</origin>
         <length>0x2000</length>
         <used_space>0x0</used_space>
         <unused_space>0x2000</unused_space>
         <attributes>RWIX</attributes>
         <usage_details>
         </usage_details>
      </memory_area>
      <memory_area display="yes" color="green">
         <name>FLASHA</name>
         <page_id>0x0</page_id>
         <origin>0x3f6000</origin>
         <length>0x1f80</length>
         <used_space>0xf3</used_space>
         <unused_space>0x1e8d</unused_space>
         <attributes>RWIX</attributes>
         <usage_details>
            <allocated_space>
               <start_address>0x3f6000</start_address>
               <size>0xd9</size>
               <logical_group_ref idref="lg-4"/>
            </allocated_space>
            <allocated_space>
               <start_address>0x3f60d9</start_address>
               <size>0x1a</size>
               <logical_group_ref idref="lg-2"/>
            </allocated_space>
            <available_space>
               <start_address>0x3f60f3</start_address>
               <size>0x1e8d</size>
            </available_space>
         </usage_details>
      </memory_area>
      <memory_area display="yes" color="green">
         <name>CSM_RSVD</name>
         <page_id>0x0</page_id>
         <origin>0x3f7f80</origin>
         <length>0x76</length>
         <used_space>0x0</used_space>
         <unused_space>0x76</unused_space>
         <attributes>RWIX</attributes>
         <usage_details>
         </usage_details>
      </memory_area>
      <memory_area display="no" color="green">
         <name>BEGIN</name>
         <page_id>0x0</page_id>
         <origin>0x3f7ff6</origin>
         <length>0x2</length>
         <used_space>0x0</used_space>
         <unused_space>0x2</unused_space>
         <attributes>RWIX</attributes>
         <usage_details>
         </usage_details>
      </memory_area>
      <memory_area display="no" color="green">
         <name>CSM_PWL</name>
         <page_id>0x0</page_id>
         <origin>0x3f7ff8</origin>
         <length>0x8</length>
         <used_space>0x0</used_space>
         <unused_space>0x8</unused_space>
         <attributes>RWIX</attributes>
         <usage_details>
         </usage_details>
      </memory_area>
      <memory_area display="yes" color="green">
         <name>IQTABLES</name>
         <page_id>0x0</page_id>
         <origin>0x3fe000</origin>
         <length>0xb50</length>
         <used_space>0x0</used_space>
         <unused_space>0xb50</unused_space>
         <attributes>RWIX</attributes>
         <usage_details>
         </usage_details>
      </memory_area>
      <memory_area display="yes" color="green">
         <name>IQTABLES2</name>
         <page_id>0x0</page_id>
         <origin>0x3feb50</origin>
         <length>0x8c</length>
         <used_space>0x0</used_space>
         <unused_space>0x8c</unused_space>
         <attributes>RWIX</attributes>
         <usage_details>
         </usage_details>
      </memory_area>
      <memory_area display="yes" color="green">
         <name>IQTABLES3</name>
         <page_id>0x0</page_id>
         <origin>0x3febdc</origin>
         <length>0xaa</length>
         <used_space>0x0</used_space>
         <unused_space>0xaa</unused_space>
         <attributes>RWIX</attributes>
         <usage_details>
         </usage_details>
      </memory_area>
      <memory_area display="yes" color="green">
         <name>BOOTROM</name>
         <page_id>0x0</page_id>
         <origin>0x3ff27c</origin>
         <length>0xd44</length>
         <used_space>0x0</used_space>
         <unused_space>0xd44</unused_space>
         <attributes>RWIX</attributes>
         <usage_details>
         </usage_details>
      </memory_area>
      <memory_area display="no" color="green">
         <name>RESET</name>
         <page_id>0x0</page_id>
         <origin>0x3fffc0</origin>
         <length>0x2</length>
         <used_space>0x0</used_space>
         <unused_space>0x2</unused_space>
         <attributes>RWIX</attributes>
         <usage_details>
         </usage_details>
      </memory_area>
      <memory_area display="no" color="green">
         <name>VECTORS</name>
         <page_id>0x0</page_id>
         <origin>0x3fffc2</origin>
         <length>0x3e</length>
         <used_space>0x0</used_space>
         <unused_space>0x3e</unused_space>
         <attributes>RWIX</attributes>
         <usage_details>
         </usage_details>
      </memory_area>
      <memory_area display="yes" color="green">
         <name>RAMM0</name>
         <page_id>0x1</page_id>
         <origin>0x50</origin>
         <length>0x3b0</length>
         <used_space>0x300</used_space>
         <unused_space>0xb0</unused_space>
         <attributes>RWIX</attributes>
         <usage_details>
            <allocated_space>
               <start_address>0x50</start_address>
               <size>0x300</size>
               <logical_group_ref idref="lg-9"/>
            </allocated_space>
            <available_space>
               <start_address>0x350</start_address>
               <size>0xb0</size>
            </available_space>
         </usage_details>
      </memory_area>
      <memory_area display="yes" color="green">
         <name>RAMM1</name>
         <page_id>0x1</page_id>
         <origin>0x400</origin>
         <length>0x400</length>
         <used_space>0x0</used_space>
         <unused_space>0x400</unused_space>
         <attributes>RWIX</attributes>
         <usage_details>
         </usage_details>
      </memory_area>
      <memory_area display="yes" color="green">
         <name>dataRAM</name>
         <page_id>0x1</page_id>
         <origin>0x8800</origin>
         <length>0x800</length>
         <used_space>0xac</used_space>
         <unused_space>0x754</unused_space>
         <attributes>RWIX</attributes>
         <usage_details>
            <allocated_space>
               <start_address>0x8800</start_address>
               <size>0xac</size>
               <logical_group_ref idref="lg-a"/>
            </allocated_space>
            <available_space>
               <start_address>0x88ac</start_address>
               <size>0x754</size>
            </available_space>
         </usage_details>
      </memory_area>
      <memory_area display="yes" color="green">
         <name>FLASHB</name>
         <page_id>0x1</page_id>
         <origin>0x3f4000</origin>
         <length>0x2000</length>
         <used_space>0x0</used_space>
         <unused_space>0x2000</unused_space>
         <attributes>RWIX</attributes>
         <usage_details>
         </usage_details>
      </memory_area>
   </placement_map>
   <symbol_table>
      <symbol id="sm-0">
         <name>_RamfuncsLoadStart</name>
         <value>0x8000</value>
      </symbol>
      <symbol id="sm-1">
         <name>_RamfuncsLoadEnd</name>
         <value>0x8000</value>
      </symbol>
      <symbol id="sm-2">
         <name>_RamfuncsRunStart</name>
         <value>0x8000</value>
      </symbol>
      <symbol id="sm-3">
         <name>cinit</name>
         <value>0x3f60d9</value>
      </symbol>
      <symbol id="sm-4">
         <name>___cinit__</name>
         <value>0x3f60d9</value>
      </symbol>
      <symbol id="sm-5">
         <name>pinit</name>
         <value>0xffffffff</value>
      </symbol>
      <symbol id="sm-6">
         <name>___pinit__</name>
         <value>0xffffffff</value>
      </symbol>
      <symbol id="sm-7">
         <name>binit</name>
         <value>0xffffffff</value>
      </symbol>
      <symbol id="sm-8">
         <name>___binit__</name>
         <value>0xffffffff</value>
      </symbol>
      <symbol id="sm-9">
         <name>__STACK_SIZE</name>
         <value>0x300</value>
      </symbol>
      <symbol id="sm-a">
         <name>__STACK_END</name>
         <value>0x350</value>
      </symbol>
      <symbol id="sm-b">
         <name>___c_args__</name>
         <value>0xffffffff</value>
      </symbol>
      <symbol id="sm-c">
         <name>.text</name>
         <value>0x3f6000</value>
      </symbol>
      <symbol id="sm-d">
         <name>___text__</name>
         <value>0x3f6000</value>
      </symbol>
      <symbol id="sm-e">
         <name>etext</name>
         <value>0x3f60d9</value>
      </symbol>
      <symbol id="sm-f">
         <name>___etext__</name>
         <value>0x3f60d9</value>
      </symbol>
      <symbol id="sm-4d">
         <name>_shiftArray</name>
         <value>0x3f605a</value>
         <object_component_ref idref="oc-36"/>
      </symbol>
      <symbol id="sm-4e">
         <name>_main</name>
         <value>0x3f6077</value>
         <object_component_ref idref="oc-36"/>
      </symbol>
      <symbol id="sm-4f">
         <name>_ABC</name>
         <value>0x8840</value>
         <object_component_ref idref="oc-16"/>
      </symbol>
      <symbol id="sm-50">
         <name>_initArray</name>
         <value>0x3f6046</value>
         <object_component_ref idref="oc-36"/>
      </symbol>
      <symbol id="sm-64">
         <name>_c_int00</name>
         <value>0x3f6000</value>
         <object_component_ref idref="oc-13"/>
      </symbol>
      <symbol id="sm-65">
         <name>__stack</name>
         <value>0x50</value>
         <object_component_ref idref="oc-1a"/>
      </symbol>
      <symbol id="sm-76">
         <name>C$$EXIT</name>
         <value>0x3f60b7</value>
         <object_component_ref idref="oc-34"/>
      </symbol>
      <symbol id="sm-77">
         <name>_exit</name>
         <value>0x3f60b9</value>
         <object_component_ref idref="oc-34"/>
      </symbol>
      <symbol id="sm-78">
         <name>___TI_cleanup_ptr</name>
         <value>0x88a8</value>
         <object_component_ref idref="oc-21"/>
      </symbol>
      <symbol id="sm-79">
         <name>_abort</name>
         <value>0x3f60b7</value>
         <object_component_ref idref="oc-34"/>
      </symbol>
      <symbol id="sm-7a">
         <name>___TI_dtors_ptr</name>
         <value>0x88aa</value>
         <object_component_ref idref="oc-21"/>
      </symbol>
      <symbol id="sm-84">
         <name>I$$MOD</name>
         <value>0x3f608d</value>
         <object_component_ref idref="oc-25"/>
      </symbol>
      <symbol id="sm-85">
         <name>I$$DIV</name>
         <value>0x3f607c</value>
         <object_component_ref idref="oc-25"/>
      </symbol>
      <symbol id="sm-93">
         <name>__unlock</name>
         <value>0x88a4</value>
         <object_component_ref idref="oc-2b"/>
      </symbol>
      <symbol id="sm-94">
         <name>__lock</name>
         <value>0x88a6</value>
         <object_component_ref idref="oc-2b"/>
      </symbol>
      <symbol id="sm-95">
         <name>__register_lock</name>
         <value>0x3f60d4</value>
         <object_component_ref idref="oc-35"/>
      </symbol>
      <symbol id="sm-96">
         <name>__nop</name>
         <value>0x3f60d8</value>
         <object_component_ref idref="oc-35"/>
      </symbol>
      <symbol id="sm-97">
         <name>__register_unlock</name>
         <value>0x3f60d0</value>
         <object_component_ref idref="oc-35"/>
      </symbol>
      <symbol id="sm-a3">
         <name>__args_main</name>
         <value>0x3f609e</value>
         <object_component_ref idref="oc-33"/>
      </symbol>
      <symbol id="sm-a4">
         <name>__TI_args_main</name>
         <value>0x1</value>
      </symbol>
   </symbol_table>
   <title>Link successful</title>
</link_info>
